<?xml version="1.0" encoding="UTF-8"?>
<project-private xmlns="http://www.netbeans.org/ns/project-private/1">
    <editor-bookmarks xmlns="http://www.netbeans.org/ns/editor-bookmarks/2" lastBookmarkId="0"/>
    <open-files xmlns="http://www.netbeans.org/ns/projectui-open-files/2">
        <group>
            <file>file:/C:/Users/sianw/Desktop/TDS%20-%20INGENIERIA%20DE%20SISTEMAS/2%20SEMESTRE/PROGRAMACION%201/PROYECTO%20DE%20AULA/GestionNominapp/src/com/tecnologico/model/Administrador.java</file>
            <file>file:/C:/Users/sianw/Desktop/TDS%20-%20INGENIERIA%20DE%20SISTEMAS/2%20SEMESTRE/PROGRAMACION%201/PROYECTO%20DE%20AULA/GestionNominapp/src/com/tecnologico/model/Empleado.java</file>
            <file>file:/C:/Users/sianw/Desktop/TDS%20-%20INGENIERIA%20DE%20SISTEMAS/2%20SEMESTRE/PROGRAMACION%201/PROYECTO%20DE%20AULA/GestionNominapp/src/com/tecnologico/util/Salario.java</file>
            <file>file:/C:/Users/sianw/Desktop/TDS%20-%20INGENIERIA%20DE%20SISTEMAS/2%20SEMESTRE/PROGRAMACION%201/PROYECTO%20DE%20AULA/GestionNominapp/src/com/tecnologico/model/Asistente.java</file>
            <file>file:/C:/Users/sianw/Desktop/TDS%20-%20INGENIERIA%20DE%20SISTEMAS/2%20SEMESTRE/PROGRAMACION%201/PROYECTO%20DE%20AULA/GestionNominapp/src/com/tecnologico/main/GnApp.java</file>
            <file>file:/C:/Users/sianw/Desktop/TDS%20-%20INGENIERIA%20DE%20SISTEMAS/2%20SEMESTRE/PROGRAMACION%201/PROYECTO%20DE%20AULA/GestionNominapp/src/com/tecnologico/controller/EmpleadoController.java</file>
        </group>
    </open-files>
</project-private>
